GID_3,NAME_3,drought_hazard
NER.1.1.1_1,ZR Arlit,0.9846153846153847
NER.1.2.1_1,Bilma,1.0
NER.1.2.2_1,Kawar,0.9923076923076923
NER.1.3.1_1,ZR Tchirozerine,0.9615384615384616
NER.2.1.1_1,Bosso,0.7769230769230769
NER.2.1.2_1,Diffa,0.8307692307692308
NER.2.1.3_1,Komadougou,0.7846153846153846
NER.2.2.1_1,Goudoumaria,0.8461538461538461
NER.2.2.2_1,Maine Soroa,0.8846153846153846
NER.2.3.1_1,N' Guigmi,0.9
NER.2.3.2_1,ZR N' Guigmi,0.9769230769230769
NER.3.1.1_1,Birni Ngaoure,0.09230769230769231
NER.3.1.2_1,Kiota,0.17692307692307693
NER.3.1.3_1,Koygolo,0.23846153846153847
NER.3.2.1_1,Dogondoutchi,0.4076923076923077
NER.3.2.2_1,Takassaba,0.1076923076923077
NER.3.2.3_1,Tchibiri,0.13076923076923078
NER.3.3.1_1,Dosso,0.1
NER.3.4.1_1,Bana,0.023076923076923078
NER.3.4.2_1,Dioundou,0.038461538461538464
NER.3.4.3_1,Gaya,0.007692307692307693
NER.3.4.4_1,Karakara,0.07692307692307693
NER.3.4.5_1,Yelou,0.03076923076923077
NER.3.4.6_1,Zaboki,0.06153846153846154
NER.3.5.1_1,Falwel,0.2076923076923077
NER.3.5.2_1,Goubey,0.26153846153846155
NER.3.5.3_1,Sokorbe,0.19230769230769232
NER.4.1.1_1,Aguie,0.3384615384615385
NER.4.1.2_1,Gangara,0.36153846153846153
NER.4.2.1_1,Balder Goula,0.8538461538461538
NER.4.2.2_1,Birni N' Lalle,0.8
NER.4.2.3_1,Kornaka,0.6461538461538462
NER.4.2.4_1,Tagris Soli,0.8384615384615385
NER.4.2.5_1,ZR Dakoro,0.8923076923076924
NER.4.3.1_1,Chadakori,0.5230769230769231
NER.4.3.2_1,Guidan Roumdji,0.45384615384615384
NER.4.3.3_1,Guidan Sori,0.36923076923076925
NER.4.3.4_1,Sae Saboua,0.4846153846153846
NER.4.3.5_1,Tibiri,0.2923076923076923
NER.4.4.1_1,Gabi,0.12307692307692308
NER.4.4.2_1,Madarounfa,0.2
NER.4.4.3_1,Mjiratawa,0.3230769230769231
NER.4.4.4_1,Safo,0.2153846153846154
NER.4.4.5_1,Sarkin Yamma,0.0
NER.4.5.1_1,Kanembakache,0.7384615384615385
NER.4.5.2_1,Mayahi,0.7076923076923077
NER.4.6.1_1,Korghom,0.4461538461538462
NER.4.6.2_1,Ourafane,0.7923076923076923
NER.4.6.3_1,Tessaoua,0.6230769230769231
NER.5.1.1_1,Lamorde,0.18461538461538463
NER.6.1.1_1,Birni N' Konni,0.33076923076923076
NER.6.1.2_1,Doguerawa,0.27692307692307694
NER.6.2.1_1,Bouza,0.5153846153846153
NER.6.2.2_1,Deoul,0.4153846153846154
NER.6.3.1_1,Illela,0.5076923076923077
NER.6.4.1_1,Garhanga,0.38461538461538464
NER.6.4.2_1,Keita,0.6
NER.6.4.3_1,Tamaske,0.46153846153846156
NER.6.5.1_1,Madaoua,0.49230769230769234
NER.6.6.1_1,Bambeye,0.7230769230769231
NER.6.6.2_1,Kalfou,0.6076923076923076
NER.6.6.3_1,Tahoua,0.6538461538461539
NER.6.7.1_1,ZR Tchin-Tabaraden,0.9461538461538461
NER.7.1.1_1,Imanan,0.47692307692307695
NER.7.1.2_1,Kourfeye,0.7615384615384615
NER.7.1.3_1,Tagazar,0.3
NER.7.1.4_1,Tondikandia,0.35384615384615387
NER.7.2.1_1,Fakara,0.2230769230769231
NER.7.2.2_1,Hamdallye,0.25384615384615383
NER.7.2.3_1,Karma,0.24615384615384617
NER.7.2.4_1,Kirtachi,0.06923076923076923
NER.7.2.5_1,Koure,0.13846153846153847
NER.7.2.6_1,Libore,0.14615384615384616
NER.7.2.7_1,N'Dounga,0.16153846153846155
NER.7.2.8_1,Namaro,0.16923076923076924
NER.7.3.1_1,Ouallam,0.5538461538461539
NER.7.3.2_1,Simiri,0.4
NER.7.3.3_1,Tondikiwindi,0.7692307692307693
NER.7.4.1_1,Gueladio,0.05384615384615385
NER.7.4.2_1,Parc W,0.015384615384615385
NER.7.4.3_1,Say,0.11538461538461539
NER.7.4.4_1,Tamou,0.046153846153846156
NER.7.4.5_1,Torodi,0.08461538461538462
NER.7.5.1_1,Dargol,0.23076923076923078
NER.7.5.2_1,Diagorou,0.15384615384615385
NER.7.5.3_1,Gorouol,0.5
NER.7.5.4_1,Kokoro,0.34615384615384615
NER.7.5.5_1,Tera,0.2692307692307692
NER.7.6.1_1,Anzourou,0.5384615384615384
NER.7.6.2_1,Ayorou,0.6692307692307692
NER.7.6.3_1,Dessa,0.5461538461538461
NER.7.6.4_1,Kourtey,0.3076923076923077
NER.7.6.5_1,Sinder,0.46923076923076923
NER.7.6.6_1,Tillaberi,0.43846153846153846
NER.8.1.1_1,Alakoss,0.9307692307692308
NER.8.1.2_1,Boune,0.6846153846153846
NER.8.1.3_1,Gamoa,0.8692307692307693
NER.8.1.4_1,Goure,0.8076923076923077
NER.8.1.5_1,Koutous,0.9076923076923077
NER.8.1.6_1,ZR Goure,0.9692307692307692
NER.8.2.1_1,Bande,0.3769230769230769
NER.8.2.2_1,Dantchiao,0.3153846153846154
NER.8.2.3_1,Doungass,0.3923076923076923
NER.8.2.4_1,Gouchi,0.5923076923076923
NER.8.2.5_1,Magaria,0.2846153846153846
NER.8.2.6_1,Mallaoua,0.4230769230769231
NER.8.2.7_1,Ouacha,0.5615384615384615
NER.8.3.1_1,Kantche,0.4307692307692308
NER.8.4.1_1,Alberkaram,0.7153846153846154
NER.8.4.2_1,Baban Tapki,0.6307692307692307
NER.8.4.3_1,Commune de Zinder,0.7461538461538462
NER.8.4.4_1,Dakoussa,0.7538461538461538
NER.8.4.5_1,Damagaram Takaya,0.823076923076923
NER.8.4.6_1,Dogo,0.5307692307692308
NER.8.4.7_1,Droum,0.5769230769230769
NER.8.4.8_1,Gafati,0.6923076923076923
NER.8.4.9_1,Garagoumsa,0.5846153846153846
NER.8.4.10_1,Gouna,0.5692307692307692
NER.8.4.11_1,Guidimouni,0.7307692307692307
NER.8.4.12_1,Kissambana,0.6384615384615384
NER.8.4.13_1,Mirria,0.6153846153846154
NER.8.4.14_1,Moa,0.8615384615384616
NER.8.4.15_1,Ouame,0.8153846153846154
NER.8.4.16_1,Tirmini,0.7
NER.8.4.17_1,Zermou,0.6615384615384615
NER.8.4.18_1,Zinder,0.676923076923077
NER.8.5.1_1,Gangara,0.9230769230769231
NER.8.5.2_1,Ollelawa,0.8769230769230769
NER.8.5.3_1,Tanout,0.9384615384615385
NER.8.5.4_1,Tarka,0.9153846153846154
NER.8.5.5_1,ZR Tanout,0.9538461538461539
